API List,1:00:00 PM,2:00:00 PM,3:00:00 PM,4:00:00 PM,5:00:00 PM,6:00:00 PM,7:00:00 PM,8:00:00 PM,9:00:00 PM
/api/check-cookie,6,4,2,4,0,0,0,0,1
/api/heartbeat?mode=1,12,12,12,12,12,12,12,12,12
/api/heartbeat?mode=2,5,7,3,7,8,8,6,7,7
/api/mobile/ekyc/v1/app/agree/contract,106,73,88,61,30,35,31,38,15
/api/mobile/ekyc/v1/app/agree/contract3,0,1,0,0,0,0,0,0,0
/api/mobile/ekyc/v1/app/agree/esignature,102,82,73,52,29,40,33,33,22
/api/mobile/ekyc/v1/app/agree/marketing,84,74,64,62,30,36,29,40,22
/api/mobile/ekyc/v1/app/agree/model/credit,83,88,77,53,26,39,32,34,21
/api/mobile/ekyc/v1/app/agree/ncb,39,47,38,35,11,19,0,0,9
/api/mobile/ekyc/v1/app/agree/ndid,41,40,34,34,12,16,1,0,7
/api/mobile/ekyc/v1/app/agree/product,99,83,70,57,29,42,33,32,21
/api/mobile/ekyc/v1/app/form12/register,46,47,33,32,14,14,0,0,7
/api/mobile/ekyc/v1/app/id/register,71,41,41,78,21,28,21,7,5
/api/mobile/ekyc/v1/app/id/update,17,22,20,19,4,4,0,0,3
/api/mobile/ekyc/v1/app/status,89,95,85,59,24,30,44,41,17
/api/mobile/ekyc/v1/bank/list,25,101,29,27,12,13,0,0,7
/api/mobile/ekyc/v1/cancel,8,13,14,8,2,2,0,0,2
/api/mobile/ekyc/v1/contract/pdf,3,0,0,0,0,0,0,0,0
/api/mobile/ekyc/v1/contract/register,1,0,0,0,0,0,0,0,0
/api/mobile/ekyc/v1/ins/document/upload,8,7,7,1,0,0,0,0,0
/api/mobile/ekyc/v1/ins/form3/register,6,8,9,0,0,0,0,0,0
/api/mobile/ekyc/v1/login,40,17,19,14,7,8,4,8,6
/api/mobile/ekyc/v1/ncb/pdf,35,21,24,1,0,0,2,0,0
/api/mobile/ekyc/v1/notification,105,106,85,71,24,24,22,10,16
/api/mobile/ekyc/v1/request,29,25,23,18,6,6,0,0,3
/api/mobile/ekyc/v1/status/check,118,109,134,152,79,107,32,10,24
/api/mobile/online/contract/v1/change/apply,0,2,0,0,0,0,0,0,0
/api/mobile/online/contract/v1/change/register,7,10,7,3,1,0,0,0,1
/api/mobile/online/contract/v1/doc/upload,11,8,9,7,0,1,0,2,3
/api/mobile/online/contract/v1/pdf,0,0,2,0,0,0,0,0,0
/api/mobile/v1/branch,2489,2268,1720,1101,588,491,426,414,507
/api/mobile/v1/bs/status,58,56,62,37,10,4,10,16,6
/api/mobile/v1/inquery,5836,5578,4057,2538,1289,1016,1010,945,1316
/api/mobile/v1/loan,317,368,211,66,3,24,55,41,35
/api/mobile/v1/loan/withdrawal,86,114,52,13,0,9,0,0,8
/api/mobile/v1/login,178,195,128,84,29,26,15,25,56
/api/mobile/v1/member/notification,2889,2587,2007,1200,629,477,482,478,560
/api/mobile/v1/member/register,153,196,163,141,53,50,44,40,57
/api/mobile/v1/member/update,46,36,26,12,7,4,0,0,4
/api/mobile/v1/payment/code,249,189,137,81,29,36,58,67,88
/api/mobile/v1/product/list,54,51,37,27,8,6,4,1,10
/api/mobile/v1/repayment/register,63,37,32,2,0,8,22,12,22
/api/mobile/v1/sms/otp,220,257,171,106,23,35,184,113,49
/api/mobile/v1/sms/otp/confirm,237,240,138,90,18,32,5,12,28
/api/mobile/v1/statement/application,1,2,0,1,0,0,0,0,0
/api/mobile/v1/statement/detail,65,63,76,41,13,9,10,19,14
/api/mobile/v1/statement/detail/pdf,10,9,4,2,0,0,1,0,1
/api/mobile/v1/statement/list,53,57,68,32,8,7,12,13,6
/api/mobile/v1/token/refresh,2120,1961,1463,934,499,382,385,362,476
/api/mobile/v1/version,2137,2021,1573,1005,534,392,342,373,463
